tags_all,price_categ,count
1980s,Barato,69
1980s,Caro,3
1980s,Gratuito,55
1980s,Medio,15
1980s,Muito Barato,92
1990's,Barato,121
1990's,Caro,2
1990's,Gratuito,77
1990's,Medio,32
1990's,Muito Barato,210
2.5D,Barato,116
2.5D,Caro,11
2.5D,Gratuito,74
2.5D,Medio,44
2.5D,Muito Barato,110
2D,Barato,1238
2D,Caro,20
2D,Gratuito,802
2D,Medio,229
2D,Muito Barato,1745
2D,Muito Caro,1
2D Fighter,Barato,58
2D Fighter,Caro,9
2D Fighter,Gratuito,44
2D Fighter,Medio,29
2D Fighter,Muito Barato,51
2D Fighter,Muito Caro,2
2D Platformer,Barato,140
2D Platformer,Caro,3
2D Platformer,Gratuito,127
2D Platformer,Medio,32
2D Platformer,Muito Barato,196
3D,Barato,496
3D,Caro,75
3D,Gratuito,553
3D,Medio,293
3D,Muito Barato,437
3D,Muito Caro,3
3D Fighter,Barato,29
3D Fighter,Caro,10
3D Fighter,Gratuito,35
3D Fighter,Medio,6
3D Fighter,Muito Barato,18
3D Fighter,Muito Caro,2
3D Platformer,Barato,105
3D Platformer,Caro,7
3D Platformer,Gratuito,145
3D Platformer,Medio,54
3D Platformer,Muito Barato,116
3D Platformer,Muito Caro,1
3D Vision,Barato,31
3D Vision,Caro,4
3D Vision,Gratuito,21
3D Vision,Medio,6
3D Vision,Muito Barato,27
4 Player Local,Barato,151
4 Player Local,Caro,8
4 Player Local,Gratuito,43
4 Player Local,Medio,15
4 Player Local,Muito Barato,97
4X,Barato,59
4X,Caro,9
4X,Gratuito,20
4X,Medio,70
4X,Muito Barato,48
6DOF,Barato,35
6DOF,Gratuito,14
6DOF,Medio,17
6DOF,Muito Barato,15
8-bit Music,Muito Barato,2
ATV,Barato,3
ATV,Gratuito,1
ATV,Medio,4
ATV,Muito Barato,2
Abstract,Barato,29
Abstract,Gratuito,53
Abstract,Medio,1
Abstract,Muito Barato,115
Action,Barato,2263
Action,Caro,227
Action,Gratuito,1973
Action,Medio,969
Action,Muito Barato,3152
Action,Muito Caro,21
Action RPG,Barato,312
Action RPG,Caro,61
Action RPG,Gratuito,194
Action RPG,Medio,174
Action RPG,Muito Barato,200
Action RPG,Muito Caro,2
Action RTS,Barato,15
Action RTS,Caro,2
Action RTS,Gratuito,14
Action RTS,Medio,7
Action RTS,Muito Barato,12
Action Rogue-like,Barato,1
Action Rogue-like,Gratuito,1
Action Rogue-like,Muito Barato,4
Action Roguelike,Barato,192
Action Roguelike,Caro,1
Action Roguelike,Gratuito,67
Action Roguelike,Medio,46
Action Roguelike,Muito Barato,180
Action-Adventure,Barato,388
Action-Adventure,Caro,44
Action-Adventure,Gratuito,202
Action-Adventure,Medio,196
Action-Adventure,Muito Barato,281
Action-Adventure,Muito Caro,2
Addictive,Barato,29
Addictive,Gratuito,33
Addictive,Medio,11
Addictive,Muito Barato,94
Adventure,Barato,2280
Adventure,Caro,173
Adventure,Gratuito,1572
Adventure,Medio,917
Adventure,Muito Barato,2799
Adventure,Muito Caro,11
Agriculture,Barato,62
Agriculture,Caro,2
Agriculture,Gratuito,15
Agriculture,Medio,28
Agriculture,Muito Barato,31
Aliens,Barato,95
Aliens,Caro,11
Aliens,Gratuito,58
Aliens,Medio,50
Aliens,Muito Barato,112
Alternate History,Barato,83
Alternate History,Caro,9
Alternate History,Gratuito,44
Alternate History,Medio,37
Alternate History,Muito Barato,75
Ambient,Barato,2
Ambient,Gratuito,2
Ambient,Medio,1
Ambient,Muito Barato,5
America,Barato,31
America,Caro,6
America,Gratuito,32
America,Medio,26
America,Muito Barato,28
Animation & Modeling,Gratuito,1
Anime,Barato,674
Anime,Caro,143
Anime,Gratuito,522
Anime,Medio,362
Anime,Muito Barato,904
Anime,Muito Caro,6
Arcade,Barato,336
Arcade,Caro,29
Arcade,Gratuito,308
Arcade,Medio,102
Arcade,Muito Barato,642
Arcade,Muito Caro,4
Archery,Barato,18
Archery,Caro,1
Archery,Gratuito,8
Archery,Medio,4
Archery,Muito Barato,5
Arena Shooter,Barato,44
Arena Shooter,Gratuito,100
Arena Shooter,Medio,11
Arena Shooter,Muito Barato,86
Artificial Intelligence,Barato,49
Artificial Intelligence,Caro,5
Artificial Intelligence,Gratuito,29
Artificial Intelligence,Medio,28
Artificial Intelligence,Muito Barato,37
Artificial Intelligence,Muito Caro,1
Assassin,Barato,31
Assassin,Caro,6
Assassin,Gratuito,10
Assassin,Medio,16
Assassin,Muito Barato,27
Assassin,Muito Caro,1
Asymmetric VR,Barato,13
Asymmetric VR,Gratuito,2
Asymmetric VR,Medio,2
Asymmetric VR,Muito Barato,2
Asynchronous Multiplayer,Barato,24
Asynchronous Multiplayer,Caro,2
Asynchronous Multiplayer,Gratuito,32
Asynchronous Multiplayer,Medio,11
Asynchronous Multiplayer,Muito Barato,21
Atmospheric,Barato,1201
Atmospheric,Caro,96
Atmospheric,Gratuito,611
Atmospheric,Medio,534
Atmospheric,Muito Barato,1298
Atmospheric,Muito Caro,6
Auto Battler,Barato,20
Auto Battler,Caro,1
Auto Battler,Gratuito,37
Auto Battler,Medio,2
Auto Battler,Muito Barato,27
Automation,Barato,55
Automation,Gratuito,25
Automation,Medio,23
Automation,Muito Barato,32
Automobile Sim,Barato,114
Automobile Sim,Caro,15
Automobile Sim,Gratuito,61
Automobile Sim,Medio,69
Automobile Sim,Muito Barato,119
BMX,Barato,1
BMX,Gratuito,1
BMX,Medio,2
BMX,Muito Barato,4
Base Building,Barato,82
Base Building,Gratuito,63
Base Building,Medio,25
Base Building,Muito Barato,42
Base-Building,Barato,218
Base-Building,Caro,4
Base-Building,Gratuito,58
Base-Building,Medio,123
Base-Building,Muito Barato,77
Base-Building,Muito Caro,1
Baseball,Barato,5
Baseball,Caro,2
Baseball,Gratuito,4
Baseball,Medio,1
Baseball,Muito Barato,1
Based On A Novel,Barato,15
Based On A Novel,Gratuito,2
Based On A Novel,Medio,2
Based On A Novel,Muito Barato,28
Basketball,Barato,3
Basketball,Caro,2
Basketball,Gratuito,9
Basketball,Medio,3
Basketball,Muito Barato,2
Battle Royale,Barato,17
Battle Royale,Caro,1
Battle Royale,Gratuito,102
Battle Royale,Medio,10
Battle Royale,Muito Barato,30
Beat 'em up,Barato,131
Beat 'em up,Caro,21
Beat 'em up,Gratuito,66
Beat 'em up,Medio,47
Beat 'em up,Muito Barato,94
Beat 'em up,Muito Caro,3
Beautiful,Barato,94
Beautiful,Caro,10
Beautiful,Gratuito,27
Beautiful,Medio,26
Beautiful,Muito Barato,88
Benchmark,Barato,1
Benchmark,Gratuito,1
Benchmark,Medio,3
Bikes,Barato,13
Bikes,Caro,4
Bikes,Gratuito,2
Bikes,Medio,14
Bikes,Muito Barato,13
Blood,Barato,64
Blood,Caro,5
Blood,Gratuito,25
Blood,Medio,15
Blood,Muito Barato,81
Board Game,Barato,96
Board Game,Gratuito,87
Board Game,Medio,36
Board Game,Muito Barato,127
Boss Rush,Barato,5
Boss Rush,Gratuito,1
Boss Rush,Muito Barato,2
Bowling,Barato,4
Bowling,Gratuito,2
Bowling,Muito Barato,2
Boxing,Barato,8
Boxing,Gratuito,3
Boxing,Medio,6
Boxing,Muito Barato,8
Building,Barato,443
Building,Caro,13
Building,Gratuito,198
Building,Medio,201
Building,Muito Barato,248
Building,Muito Caro,3
Bullet Hell,Barato,137
Bullet Hell,Caro,3
Bullet Hell,Gratuito,103
Bullet Hell,Medio,14
Bullet Hell,Muito Barato,216
Bullet Time,Barato,42
Bullet Time,Caro,3
Bullet Time,Gratuito,14
Bullet Time,Medio,11
Bullet Time,Muito Barato,27
CRPG,Barato,81
CRPG,Caro,5
CRPG,Gratuito,39
CRPG,Medio,45
CRPG,Muito Barato,75
Capitalism,Barato,45
Capitalism,Caro,1
Capitalism,Gratuito,23
Capitalism,Medio,18
Capitalism,Muito Barato,34
Capitalism,Muito Caro,1
Card Battler,Barato,89
Card Battler,Caro,2
Card Battler,Gratuito,63
Card Battler,Medio,21
Card Battler,Muito Barato,45
Card Game,Barato,130
Card Game,Caro,2
Card Game,Gratuito,178
Card Game,Medio,33
Card Game,Muito Barato,121
Cartoon,Barato,125
Cartoon,Caro,6
Cartoon,Gratuito,104
Cartoon,Medio,38
Cartoon,Muito Barato,169
Cartoony,Barato,195
Cartoony,Caro,5
Cartoony,Gratuito,200
Cartoony,Medio,96
Cartoony,Muito Barato,232
Casual,Barato,1050
Casual,Caro,31
Casual,Gratuito,1493
Casual,Medio,280
Casual,Muito Barato,2424
Casual,Muito Caro,3
Cats,Barato,43
Cats,Caro,3
Cats,Gratuito,30
Cats,Medio,10
Cats,Muito Barato,86
Character Action Game,Barato,48
Character Action Game,Caro,4
Character Action Game,Gratuito,23
Character Action Game,Medio,30
Character Action Game,Muito Barato,49
Character Customization,Barato,307
Character Customization,Caro,82
Character Customization,Gratuito,268
Character Customization,Medio,185
Character Customization,Muito Barato,173
Character Customization,Muito Caro,4
Chess,Barato,5
Chess,Gratuito,13
Chess,Medio,2
Chess,Muito Barato,13
Choices Matter,Barato,355
Choices Matter,Caro,33
Choices Matter,Gratuito,180
Choices Matter,Medio,181
Choices Matter,Muito Barato,321
Choose Your Own Adventure,Barato,165
Choose Your Own Adventure,Caro,7
Choose Your Own Adventure,Gratuito,81
Choose Your Own Adventure,Medio,58
Choose Your Own Adventure,Muito Barato,161
Cinematic,Barato,88
Cinematic,Caro,25
Cinematic,Gratuito,51
Cinematic,Medio,65
Cinematic,Muito Barato,75
Cinematic,Muito Caro,4
City Builder,Barato,192
City Builder,Caro,11
City Builder,Gratuito,73
City Builder,Medio,110
City Builder,Muito Barato,119
Class-Based,Barato,31
Class-Based,Caro,5
Class-Based,Gratuito,44
Class-Based,Medio,22
Class-Based,Muito Barato,31
Classic,Barato,235
Classic,Caro,8
Classic,Gratuito,89
Classic,Medio,97
Classic,Muito Barato,526
Clicker,Barato,18
Clicker,Gratuito,152
Clicker,Muito Barato,120
Co-op,Barato,698
Co-op,Caro,97
Co-op,Gratuito,568
Co-op,Medio,345
Co-op,Muito Barato,539
Co-op,Muito Caro,10
Co-op Campaign,Barato,49
Co-op Campaign,Caro,5
Co-op Campaign,Gratuito,30
Co-op Campaign,Medio,33
Co-op Campaign,Muito Barato,31
Coding,Muito Barato,1
Cold War,Barato,28
Cold War,Caro,2
Cold War,Gratuito,23
Cold War,Medio,18
Cold War,Muito Barato,47
Collectathon,Barato,37
Collectathon,Caro,2
Collectathon,Gratuito,34
Collectathon,Medio,17
Collectathon,Muito Barato,58
Colony Sim,Barato,97
Colony Sim,Gratuito,20
Colony Sim,Medio,65
Colony Sim,Muito Barato,46
Colorful,Barato,536
Colorful,Caro,28
Colorful,Gratuito,374
Colorful,Medio,189
Colorful,Muito Barato,521
Colorful,Muito Caro,1
Combat,Barato,221
Combat,Caro,37
Combat,Gratuito,212
Combat,Medio,141
Combat,Muito Barato,150
Combat,Muito Caro,1
Combat Racing,Barato,27
Combat Racing,Caro,1
Combat Racing,Gratuito,22
Combat Racing,Medio,8
Combat Racing,Muito Barato,36
Combat Racing,Muito Caro,2
Comedy,Barato,453
Comedy,Caro,25
Comedy,Gratuito,238
Comedy,Medio,165
Comedy,Muito Barato,568
Comedy,Muito Caro,1
Comic Book,Barato,64
Comic Book,Caro,7
Comic Book,Gratuito,40
Comic Book,Medio,20
Comic Book,Muito Barato,55
Comic Book,Muito Caro,1
Competitive,Barato,104
Competitive,Caro,14
Competitive,Gratuito,179
Competitive,Medio,50
Competitive,Muito Barato,85
Competitive,Muito Caro,2
Conspiracy,Barato,23
Conspiracy,Caro,2
Conspiracy,Gratuito,16
Conspiracy,Medio,11
Conspiracy,Muito Barato,31
Controller,Barato,364
Controller,Caro,38
Controller,Gratuito,213
Controller,Medio,142
Controller,Muito Barato,264
Controller,Muito Caro,6
Conversation,Barato,63
Conversation,Caro,4
Conversation,Gratuito,53
Conversation,Medio,25
Conversation,Muito Barato,59
Cooking,Barato,46
Cooking,Gratuito,13
Cooking,Medio,13
Cooking,Muito Barato,29
Cozy,Barato,25
Cozy,Gratuito,4
Cozy,Medio,6
Cozy,Muito Barato,21
Crafting,Barato,350
Crafting,Caro,12
Crafting,Gratuito,195
Crafting,Medio,153
Crafting,Muito Barato,166
Crafting,Muito Caro,2
Creature Collector,Barato,30
Creature Collector,Caro,7
Creature Collector,Gratuito,11
Creature Collector,Medio,13
Creature Collector,Muito Barato,36
Creature Collector,Muito Caro,1
Cricket,Barato,2
Cricket,Caro,2
Cricket,Medio,2
Crime,Barato,98
Crime,Caro,9
Crime,Gratuito,34
Crime,Medio,34
Crime,Muito Barato,75
Crowdfunded,Barato,23
Crowdfunded,Gratuito,6
Crowdfunded,Medio,21
Crowdfunded,Muito Barato,13
Cult Classic,Barato,73
Cult Classic,Caro,3
Cult Classic,Gratuito,25
Cult Classic,Medio,24
Cult Classic,Muito Barato,120
Cute,Barato,597
Cute,Caro,37
Cute,Gratuito,417
Cute,Medio,229
Cute,Muito Barato,752
Cute,Muito Caro,1
Cyberpunk,Barato,160
Cyberpunk,Caro,11
Cyberpunk,Gratuito,74
Cyberpunk,Medio,55
Cyberpunk,Muito Barato,119
Cycling,Barato,5
Cycling,Gratuito,1
Cycling,Medio,3
Cycling,Muito Barato,6
Dark,Barato,279
Dark,Caro,24
Dark,Gratuito,190
Dark,Medio,113
Dark,Muito Barato,357
Dark,Muito Caro,1
Dark Comedy,Barato,47
Dark Comedy,Gratuito,33
Dark Comedy,Medio,14
Dark Comedy,Muito Barato,73
Dark Fantasy,Barato,199
Dark Fantasy,Caro,24
Dark Fantasy,Gratuito,103
Dark Fantasy,Medio,116
Dark Fantasy,Muito Barato,146
Dark Humor,Barato,111
Dark Humor,Caro,3
Dark Humor,Gratuito,63
Dark Humor,Medio,31
Dark Humor,Muito Barato,159
Dating Sim,Barato,148
Dating Sim,Caro,18
Dating Sim,Gratuito,110
Dating Sim,Medio,91
Dating Sim,Muito Barato,223
Dating Sim,Muito Caro,1
Deckbuilding,Barato,95
Deckbuilding,Caro,2
Deckbuilding,Gratuito,62
Deckbuilding,Medio,29
Deckbuilding,Muito Barato,57
Demons,Barato,84
Demons,Caro,8
Demons,Gratuito,42
Demons,Medio,37
Demons,Muito Barato,72
Design & Illustration,Gratuito,1
Destruction,Barato,95
Destruction,Caro,3
Destruction,Gratuito,50
Destruction,Medio,35
Destruction,Muito Barato,70
Destruction,Muito Caro,1
Detective,Barato,128
Detective,Caro,8
Detective,Gratuito,70
Detective,Medio,42
Detective,Muito Barato,162
Difficult,Barato,656
Difficult,Caro,21
Difficult,Gratuito,272
Difficult,Medio,210
Difficult,Muito Barato,764
Difficult,Muito Caro,3
Dinosaurs,Barato,30
Dinosaurs,Caro,4
Dinosaurs,Gratuito,31
Dinosaurs,Medio,7
Dinosaurs,Muito Barato,36
Diplomacy,Barato,31
Diplomacy,Caro,1
Diplomacy,Gratuito,16
Diplomacy,Medio,19
Diplomacy,Muito Barato,27
Dog,Barato,20
Dog,Caro,3
Dog,Gratuito,16
Dog,Medio,15
Dog,Muito Barato,36
Dragons,Barato,27
Dragons,Caro,4
Dragons,Gratuito,53
Dragons,Medio,32
Dragons,Muito Barato,29
Dragons,Muito Caro,1
Drama,Barato,172
Drama,Caro,21
Drama,Gratuito,101
Drama,Medio,55
Drama,Muito Barato,216
Drama,Muito Caro,1
Driving,Barato,173
Driving,Caro,16
Driving,Gratuito,78
Driving,Medio,80
Driving,Muito Barato,144
Driving,Muito Caro,3
Dungeon Crawler,Barato,242
Dungeon Crawler,Caro,7
Dungeon Crawler,Gratuito,88
Dungeon Crawler,Medio,65
Dungeon Crawler,Muito Barato,176
Dungeons & Dragons,Barato,13
Dungeons & Dragons,Caro,1
Dungeons & Dragons,Gratuito,6
Dungeons & Dragons,Medio,5
Dungeons & Dragons,Muito Barato,3
Dynamic Narration,Barato,25
Dynamic Narration,Caro,1
Dynamic Narration,Gratuito,15
Dynamic Narration,Medio,9
Dynamic Narration,Muito Barato,23
Dystopian,Barato,100
Dystopian,Caro,7
Dystopian,Gratuito,46
Dystopian,Medio,32
Dystopian,Muito Barato,58
Dystopian,Muito Caro,1
Early Access,Barato,794
Early Access,Caro,14
Early Access,Gratuito,598
Early Access,Medio,300
Early Access,Muito Barato,524
Early Access,Muito Caro,1
Economy,Barato,203
Economy,Caro,13
Economy,Gratuito,74
Economy,Medio,116
Economy,Muito Barato,138
Education,Barato,88
Education,Caro,3
Education,Gratuito,61
Education,Medio,36
Education,Muito Barato,103
Electronic,Gratuito,2
Electronic,Medio,1
Electronic,Muito Barato,1
Electronic Music,Barato,5
Electronic Music,Caro,1
Electronic Music,Gratuito,2
Electronic Music,Medio,1
Electronic Music,Muito Barato,4
Emotional,Barato,135
Emotional,Caro,19
Emotional,Gratuito,89
Emotional,Medio,66
Emotional,Muito Barato,137
Epic,Barato,21
Epic,Caro,4
Epic,Gratuito,11
Epic,Medio,18
Epic,Muito Barato,21
Episodic,Gratuito,1
Escape Room,Barato,29
Escape Room,Gratuito,18
Escape Room,Medio,6
Escape Room,Muito Barato,68
Experience,Barato,10
Experience,Gratuito,12
Experience,Medio,4
Experience,Muito Barato,14
Experimental,Barato,50
Experimental,Gratuito,46
Experimental,Medio,6
Experimental,Muito Barato,100
Exploration,Barato,798
Exploration,Caro,46
Exploration,Gratuito,381
Exploration,Medio,359
Exploration,Muito Barato,601
Exploration,Muito Caro,4
FMV,Barato,38
FMV,Caro,2
FMV,Gratuito,13
FMV,Medio,7
FMV,Muito Barato,48
FPS,Barato,392
FPS,Caro,42
FPS,Gratuito,494
FPS,Medio,222
FPS,Muito Barato,587
FPS,Muito Caro,5
Faith,Barato,34
Faith,Gratuito,15
Faith,Medio,9
Faith,Muito Barato,28
Family Friendly,Barato,414
Family Friendly,Caro,18
Family Friendly,Gratuito,280
Family Friendly,Medio,175
Family Friendly,Muito Barato,486
Fantasy,Barato,755
Fantasy,Caro,72
Fantasy,Gratuito,497
Fantasy,Medio,360
Fantasy,Muito Barato,642
Fantasy,Muito Caro,4
Farming,Barato,16
Farming,Caro,4
Farming,Gratuito,5
Farming,Medio,7
Farming,Muito Barato,15
Farming Sim,Barato,69
Farming Sim,Caro,4
Farming Sim,Gratuito,24
Farming Sim,Medio,35
Farming Sim,Muito Barato,39
Fast-Paced,Barato,149
Fast-Paced,Caro,3
Fast-Paced,Gratuito,107
Fast-Paced,Medio,39
Fast-Paced,Muito Barato,187
Fast-Paced,Muito Caro,1
Female Protagonist,Barato,677
Female Protagonist,Caro,69
Female Protagonist,Gratuito,277
Female Protagonist,Medio,282
Female Protagonist,Muito Barato,758
Female Protagonist,Muito Caro,2
Fighting,Barato,132
Fighting,Caro,24
Fighting,Gratuito,82
Fighting,Medio,73
Fighting,Muito Barato,107
Fighting,Muito Caro,3
First-Person,Barato,757
First-Person,Caro,56
First-Person,Gratuito,630
First-Person,Medio,361
First-Person,Muito Barato,815
First-Person,Muito Caro,4
Fishing,Barato,45
Fishing,Caro,2
Fishing,Gratuito,21
Fishing,Medio,23
Fishing,Muito Barato,24
Flight,Barato,76
Flight,Caro,15
Flight,Gratuito,59
Flight,Medio,43
Flight,Muito Barato,97
Flight,Muito Caro,8
Football,Barato,4
Football,Caro,4
Football,Gratuito,31
Football,Medio,6
Football,Muito Barato,8
Football (American),Barato,13
Football (American),Caro,2
Football (American),Gratuito,4
Football (American),Medio,3
Football (American),Muito Barato,6
Football (Soccer),Barato,5
Football (Soccer),Gratuito,10
Football (Soccer),Medio,1
Football (Soccer),Muito Barato,5
Football (Soccer),Muito Caro,1
Foreign,Barato,14
Foreign,Caro,5
Foreign,Gratuito,7
Foreign,Medio,4
Foreign,Muito Barato,12
Fox,Gratuito,1
Fox,Medio,1
Free to Play,Barato,48
Free to Play,Caro,11
Free to Play,Gratuito,2402
Free to Play,Medio,17
Free to Play,Muito Barato,77
Free to Play,Muito Caro,7
Funny,Barato,744
Funny,Caro,29
Funny,Gratuito,492
Funny,Medio,203
Funny,Muito Barato,872
Funny,Muito Caro,2
Futuristic,Barato,156
Futuristic,Caro,21
Futuristic,Gratuito,114
Futuristic,Medio,83
Futuristic,Muito Barato,102
Gambling,Barato,6
Gambling,Caro,3
Gambling,Gratuito,20
Gambling,Medio,2
Gambling,Muito Barato,11
GameMaker,Barato,11
GameMaker,Gratuito,9
GameMaker,Medio,1
GameMaker,Muito Barato,32
Games Workshop,Barato,27
Games Workshop,Caro,5
Games Workshop,Gratuito,10
Games Workshop,Medio,19
Games Workshop,Muito Barato,10
Gaming,Barato,2
Gaming,Gratuito,7
Gaming,Medio,1
God Game,Barato,42
God Game,Caro,1
God Game,Gratuito,18
God Game,Medio,18
God Game,Muito Barato,41
Golf,Barato,9
Golf,Caro,3
Golf,Gratuito,4
Golf,Medio,2
Golf,Muito Barato,14
Golf,Muito Caro,1
Gore,Barato,445
Gore,Caro,59
Gore,Gratuito,304
Gore,Medio,227
Gore,Muito Barato,618
Gore,Muito Caro,5
Gothic,Barato,51
Gothic,Caro,3
Gothic,Gratuito,19
Gothic,Medio,22
Gothic,Muito Barato,40
Grand Strategy,Barato,95
Grand Strategy,Caro,23
Grand Strategy,Gratuito,51
Grand Strategy,Medio,92
Grand Strategy,Muito Barato,87
Grand Strategy,Muito Caro,1
Great Soundtrack,Barato,929
Great Soundtrack,Caro,108
Great Soundtrack,Gratuito,312
Great Soundtrack,Medio,361
Great Soundtrack,Muito Barato,993
Great Soundtrack,Muito Caro,3
Grid-Based Movement,Barato,41
Grid-Based Movement,Caro,6
Grid-Based Movement,Gratuito,18
Grid-Based Movement,Medio,9
Grid-Based Movement,Muito Barato,36
Gun Customization,Barato,36
Gun Customization,Caro,5
Gun Customization,Gratuito,33
Gun Customization,Medio,18
Gun Customization,Muito Barato,20
Hack and Slash,Barato,263
Hack and Slash,Caro,62
Hack and Slash,Gratuito,133
Hack and Slash,Medio,153
Hack and Slash,Muito Barato,168
Hack and Slash,Muito Caro,1
Hacking,Barato,44
Hacking,Caro,3
Hacking,Gratuito,19
Hacking,Medio,8
Hacking,Muito Barato,39
Hand-drawn,Barato,212
Hand-drawn,Caro,1
Hand-drawn,Gratuito,117
Hand-drawn,Medio,42
Hand-drawn,Muito Barato,226
Hardware,Barato,2
Hardware,Gratuito,2
Hardware,Medio,1
Hardware,Muito Barato,1
Heist,Barato,28
Heist,Caro,5
Heist,Gratuito,17
Heist,Medio,11
Heist,Muito Barato,35
Heist,Muito Caro,1
Hentai,Barato,121
Hentai,Caro,9
Hentai,Gratuito,96
Hentai,Medio,46
Hentai,Muito Barato,212
Hentai,Muito Caro,1
Hero Shooter,Barato,11
Hero Shooter,Caro,3
Hero Shooter,Gratuito,35
Hero Shooter,Medio,9
Hero Shooter,Muito Barato,15
Hex Grid,Barato,39
Hex Grid,Caro,5
Hex Grid,Gratuito,18
Hex Grid,Medio,33
Hex Grid,Muito Barato,42
Hex Grid,Muito Caro,3
Hidden Object,Barato,50
Hidden Object,Gratuito,82
Hidden Object,Medio,10
Hidden Object,Muito Barato,232
Historical,Barato,244
Historical,Caro,48
Historical,Gratuito,121
Historical,Medio,152
Historical,Muito Barato,265
Historical,Muito Caro,4
Hobby Sim,Barato,1
Hobby Sim,Muito Barato,1
Hockey,Barato,8
Hockey,Gratuito,2
Horror,Barato,533
Horror,Caro,33
Horror,Gratuito,490
Horror,Medio,216
Horror,Muito Barato,956
Horses,Barato,15
Horses,Caro,3
Horses,Gratuito,7
Horses,Medio,10
Horses,Muito Barato,11
Hunting,Barato,35
Hunting,Caro,6
Hunting,Gratuito,17
Hunting,Medio,15
Hunting,Muito Barato,45
Hunting,Muito Caro,1
Idler,Barato,14
Idler,Caro,1
Idler,Gratuito,118
Idler,Muito Barato,90
Illuminati,Barato,25
Illuminati,Caro,6
Illuminati,Gratuito,19
Illuminati,Medio,8
Illuminati,Muito Barato,58
Immersive,Barato,34
Immersive,Caro,2
Immersive,Gratuito,10
Immersive,Medio,7
Immersive,Muito Barato,17
Immersive,Muito Caro,2
Immersive Sim,Barato,149
Immersive Sim,Caro,17
Immersive Sim,Gratuito,77
Immersive Sim,Medio,86
Immersive Sim,Muito Barato,148
Immersive Sim,Muito Caro,2
Indie,Barato,2513
Indie,Caro,13
Indie,Gratuito,2153
Indie,Medio,620
Indie,Muito Barato,4022
Indie,Muito Caro,2
Instrumental Music,Gratuito,1
Instrumental Music,Medio,1
Instrumental Music,Muito Barato,1
Intentionally Awkward Controls,Barato,4
Intentionally Awkward Controls,Gratuito,2
Intentionally Awkward Controls,Muito Barato,8
Interactive Fiction,Barato,160
Interactive Fiction,Caro,8
Interactive Fiction,Gratuito,82
Interactive Fiction,Medio,31
Interactive Fiction,Muito Barato,177
Inventory Management,Barato,68
Inventory Management,Caro,2
Inventory Management,Gratuito,40
Inventory Management,Medio,19
Inventory Management,Muito Barato,41
Investigation,Barato,90
Investigation,Caro,3
Investigation,Gratuito,59
Investigation,Medio,35
Investigation,Muito Barato,91
Isometric,Barato,241
Isometric,Caro,12
Isometric,Gratuito,78
Isometric,Medio,108
Isometric,Muito Barato,196
JRPG,Barato,260
JRPG,Caro,94
JRPG,Gratuito,99
JRPG,Medio,128
JRPG,Muito Barato,173
JRPG,Muito Caro,2
Jet,Barato,6
Jet,Caro,3
Jet,Gratuito,6
Jet,Medio,4
Jet,Muito Barato,5
Job Simulator,Barato,4
Job Simulator,Medio,1
Job Simulator,Muito Barato,5
Jump Scare,Barato,1
Jump Scare,Caro,1
Jump Scare,Muito Barato,9
Kickstarter,Barato,53
Kickstarter,Caro,1
Kickstarter,Gratuito,6
Kickstarter,Medio,30
Kickstarter,Muito Barato,26
LEGO,Barato,27
LEGO,Caro,1
LEGO,Gratuito,3
LEGO,Medio,6
LEGO,Muito Barato,4
LGBTQ+,Barato,135
LGBTQ+,Caro,9
LGBTQ+,Gratuito,64
LGBTQ+,Medio,46
LGBTQ+,Muito Barato,143
LGBTQ+,Muito Caro,1
Lemmings,Barato,5
Lemmings,Gratuito,3
Lemmings,Muito Barato,6
Level Editor,Barato,106
Level Editor,Caro,4
Level Editor,Gratuito,44
Level Editor,Medio,29
Level Editor,Muito Barato,90
Level Editor,Muito Caro,1
Life Sim,Barato,122
Life Sim,Caro,3
Life Sim,Gratuito,58
Life Sim,Medio,41
Life Sim,Muito Barato,139
Linear,Barato,81
Linear,Caro,9
Linear,Gratuito,136
Linear,Medio,30
Linear,Muito Barato,148
Local Co-Op,Barato,326
Local Co-Op,Caro,29
Local Co-Op,Gratuito,87
Local Co-Op,Medio,84
Local Co-Op,Muito Barato,216
Local Co-Op,Muito Caro,2
Local Multiplayer,Barato,302
Local Multiplayer,Caro,30
Local Multiplayer,Gratuito,123
Local Multiplayer,Medio,94
Local Multiplayer,Muito Barato,243
Local Multiplayer,Muito Caro,5
Logic,Barato,66
Logic,Caro,2
Logic,Gratuito,57
Logic,Medio,10
Logic,Muito Barato,120
Loot,Barato,116
Loot,Caro,6
Loot,Gratuito,58
Loot,Medio,42
Loot,Muito Barato,89
Loot,Muito Caro,1
Looter Shooter,Barato,19
Looter Shooter,Caro,2
Looter Shooter,Gratuito,17
Looter Shooter,Medio,25
Looter Shooter,Muito Barato,17
Looter Shooter,Muito Caro,1
Lore-Rich,Barato,78
Lore-Rich,Caro,10
Lore-Rich,Gratuito,55
Lore-Rich,Medio,51
Lore-Rich,Muito Barato,61
Lore-Rich,Muito Caro,1
Lovecraftian,Barato,74
Lovecraftian,Gratuito,38
Lovecraftian,Medio,29
Lovecraftian,Muito Barato,72
MMORPG,Barato,22
MMORPG,Caro,6
MMORPG,Gratuito,245
MMORPG,Medio,30
MMORPG,Muito Barato,23
MMORPG,Muito Caro,1
MOBA,Barato,14
MOBA,Caro,2
MOBA,Gratuito,96
MOBA,Medio,3
MOBA,Muito Barato,11
Magic,Barato,220
Magic,Caro,14
Magic,Gratuito,133
Magic,Medio,87
Magic,Muito Barato,138
Magic,Muito Caro,2
Mahjong,Barato,1
Mahjong,Gratuito,3
Mahjong,Muito Barato,6
Management,Barato,429
Management,Caro,32
Management,Gratuito,174
Management,Medio,217
Management,Muito Barato,324
Management,Muito Caro,1
Mars,Barato,18
Mars,Gratuito,12
Mars,Medio,9
Mars,Muito Barato,15
Martial Arts,Barato,54
Martial Arts,Caro,2
Martial Arts,Gratuito,16
Martial Arts,Medio,26
Martial Arts,Muito Barato,38
Massively Multiplayer,Barato,94
Massively Multiplayer,Caro,16
Massively Multiplayer,Gratuito,671
Massively Multiplayer,Medio,71
Massively Multiplayer,Muito Barato,119
Massively Multiplayer,Muito Caro,1
Masterpiece,Gratuito,4
Masterpiece,Medio,1
Match 3,Barato,8
Match 3,Gratuito,38
Match 3,Medio,1
Match 3,Muito Barato,69
Mature,Barato,192
Mature,Caro,27
Mature,Gratuito,108
Mature,Medio,100
Mature,Muito Barato,258
Mature,Muito Caro,5
Mechs,Barato,62
Mechs,Caro,11
Mechs,Gratuito,27
Mechs,Medio,33
Mechs,Muito Barato,45
Medical Sim,Barato,15
Medical Sim,Gratuito,6
Medical Sim,Medio,8
Medical Sim,Muito Barato,6
Medieval,Barato,190
Medieval,Caro,12
Medieval,Gratuito,121
Medieval,Medio,106
Medieval,Muito Barato,178
Memes,Barato,186
Memes,Caro,11
Memes,Gratuito,144
Memes,Medio,39
Memes,Muito Barato,328
Metroidvania,Barato,181
Metroidvania,Caro,2
Metroidvania,Gratuito,33
Metroidvania,Medio,40
Metroidvania,Muito Barato,102
Military,Barato,147
Military,Caro,25
Military,Gratuito,120
Military,Medio,129
Military,Muito Barato,165
Military,Muito Caro,10
Mini Golf,Barato,9
Mini Golf,Gratuito,2
Mini Golf,Muito Barato,10
Minigames,Barato,20
Minigames,Caro,2
Minigames,Gratuito,12
Minigames,Medio,4
Minigames,Muito Barato,19
Minimalist,Barato,69
Minimalist,Gratuito,104
Minimalist,Medio,12
Minimalist,Muito Barato,281
Mining,Barato,39
Mining,Gratuito,20
Mining,Medio,15
Mining,Muito Barato,19
Mod,Barato,14
Mod,Gratuito,73
Mod,Medio,5
Mod,Muito Barato,14
Moddable,Barato,197
Moddable,Caro,10
Moddable,Gratuito,58
Moddable,Medio,125
Moddable,Muito Barato,116
Moddable,Muito Caro,1
Modern,Barato,55
Modern,Caro,8
Modern,Gratuito,42
Modern,Medio,22
Modern,Muito Barato,50
Modern,Muito Caro,2
Motocross,Barato,5
Motocross,Caro,1
Motocross,Gratuito,2
Motocross,Medio,12
Motocross,Muito Barato,4
Motorbike,Barato,21
Motorbike,Caro,6
Motorbike,Gratuito,4
Motorbike,Medio,20
Motorbike,Muito Barato,11
Mouse only,Barato,37
Mouse only,Gratuito,18
Mouse only,Medio,3
Mouse only,Muito Barato,81
Movie,Gratuito,2
Multiplayer,Barato,1123
Multiplayer,Caro,172
Multiplayer,Gratuito,1495
Multiplayer,Medio,642
Multiplayer,Muito Barato,1107
Multiplayer,Muito Caro,15
Multiple Endings,Barato,313
Multiple Endings,Caro,19
Multiple Endings,Gratuito,149
Multiple Endings,Medio,116
Multiple Endings,Muito Barato,314
Music,Barato,92
Music,Caro,3
Music,Gratuito,37
Music,Medio,32
Music,Muito Barato,135
Music,Muito Caro,1
Music-Based Procedural Generation,Barato,13
Music-Based Procedural Generation,Caro,1
Music-Based Procedural Generation,Gratuito,4
Music-Based Procedural Generation,Medio,4
Music-Based Procedural Generation,Muito Barato,19
Musou,Barato,1
Musou,Caro,17
Musou,Gratuito,1
Musou,Medio,5
Musou,Muito Caro,1
Mystery,Barato,308
Mystery,Caro,13
Mystery,Gratuito,194
Mystery,Medio,120
Mystery,Muito Barato,402
Mystery Dungeon,Barato,23
Mystery Dungeon,Caro,1
Mystery Dungeon,Gratuito,10
Mystery Dungeon,Medio,6
Mystery Dungeon,Muito Barato,28
Mythology,Barato,65
Mythology,Caro,8
Mythology,Gratuito,40
Mythology,Medio,30
Mythology,Muito Barato,57
NSFW,Barato,68
NSFW,Caro,4
NSFW,Gratuito,50
NSFW,Medio,22
NSFW,Muito Barato,129
NSFW,Muito Caro,1
Narration,Barato,107
Narration,Caro,8
Narration,Gratuito,59
Narration,Medio,45
Narration,Muito Barato,79
Narrative,Barato,37
Narrative,Caro,2
Narrative,Gratuito,6
Narrative,Medio,14
Narrative,Muito Barato,15
Nature,Barato,86
Nature,Caro,4
Nature,Gratuito,61
Nature,Medio,45
Nature,Muito Barato,77
Nature,Muito Caro,1
Naval,Barato,45
Naval,Caro,1
Naval,Gratuito,26
Naval,Medio,30
Naval,Muito Barato,32
Naval Combat,Barato,31
Naval Combat,Gratuito,24
Naval Combat,Medio,20
Naval Combat,Muito Barato,23
Ninja,Barato,39
Ninja,Caro,6
Ninja,Gratuito,22
Ninja,Medio,24
Ninja,Muito Barato,36
Noir,Barato,54
Noir,Caro,2
Noir,Gratuito,24
Noir,Medio,13
Noir,Muito Barato,54
Nonlinear,Barato,60
Nonlinear,Gratuito,30
Nonlinear,Medio,25
Nonlinear,Muito Barato,55
Nostalgia,Barato,32
Nostalgia,Caro,1
Nostalgia,Gratuito,11
Nostalgia,Medio,8
Nostalgia,Muito Barato,55
Nudity,Barato,346
Nudity,Caro,56
Nudity,Gratuito,262
Nudity,Medio,172
Nudity,Muito Barato,505
Nudity,Muito Caro,4
Offroad,Barato,24
Offroad,Caro,2
Offroad,Gratuito,9
Offroad,Medio,20
Offroad,Muito Barato,15
Old School,Barato,163
Old School,Caro,2
Old School,Gratuito,86
Old School,Medio,49
Old School,Muito Barato,206
On-Rails Shooter,Barato,8
On-Rails Shooter,Caro,1
On-Rails Shooter,Gratuito,12
On-Rails Shooter,Medio,6
On-Rails Shooter,Muito Barato,13
Online Co-Op,Barato,356
Online Co-Op,Caro,58
Online Co-Op,Gratuito,359
Online Co-Op,Medio,191
Online Co-Op,Muito Barato,267
Online Co-Op,Muito Caro,5
Open World,Barato,821
Open World,Caro,118
Open World,Gratuito,490
Open World,Medio,473
Open World,Muito Barato,512
Open World,Muito Caro,9
Open World Survival Craft,Barato,105
Open World Survival Craft,Caro,3
Open World Survival Craft,Gratuito,26
Open World Survival Craft,Medio,49
Open World Survival Craft,Muito Barato,43
Otome,Barato,27
Otome,Caro,3
Otome,Gratuito,31
Otome,Medio,15
Otome,Muito Barato,40
Outbreak Sim,Barato,14
Outbreak Sim,Gratuito,2
Outbreak Sim,Medio,1
Outbreak Sim,Muito Barato,5
Parkour,Barato,71
Parkour,Caro,9
Parkour,Gratuito,71
Parkour,Medio,28
Parkour,Muito Barato,54
Parkour,Muito Caro,1
Parody,Barato,31
Parody,Gratuito,29
Parody,Medio,5
Parody,Muito Barato,64
Party,Barato,22
Party,Gratuito,11
Party,Medio,13
Party,Muito Barato,19
Party Game,Barato,28
Party Game,Gratuito,15
Party Game,Medio,11
Party Game,Muito Barato,28
Party-Based RPG,Barato,113
Party-Based RPG,Caro,25
Party-Based RPG,Gratuito,39
Party-Based RPG,Medio,52
Party-Based RPG,Muito Barato,57
Party-Based RPG,Muito Caro,1
Perma Death,Barato,129
Perma Death,Caro,3
Perma Death,Gratuito,33
Perma Death,Medio,37
Perma Death,Muito Barato,138
Philosophical,Barato,36
Philosophical,Caro,1
Philosophical,Gratuito,31
Philosophical,Medio,12
Philosophical,Muito Barato,46
Photo Editing,Gratuito,1
Physics,Barato,323
Physics,Caro,11
Physics,Gratuito,174
Physics,Medio,96
Physics,Muito Barato,278
Physics,Muito Caro,1
Pinball,Barato,10
Pinball,Gratuito,10
Pinball,Medio,2
Pinball,Muito Barato,8
Pirates,Barato,47
Pirates,Caro,3
Pirates,Gratuito,24
Pirates,Medio,15
Pirates,Muito Barato,43
Pirates,Muito Caro,1
Pixel Graphics,Barato,656
Pixel Graphics,Caro,4
Pixel Graphics,Gratuito,450
Pixel Graphics,Medio,77
Pixel Graphics,Muito Barato,945
Platformer,Barato,446
Platformer,Caro,6
Platformer,Gratuito,304
Platformer,Medio,96
Platformer,Muito Barato,568
Point & Click,Barato,244
Point & Click,Caro,4
Point & Click,Gratuito,182
Point & Click,Medio,42
Point & Click,Muito Barato,520
Political,Barato,57
Political,Caro,6
Political,Gratuito,28
Political,Medio,24
Political,Muito Barato,42
Political Sim,Barato,41
Political Sim,Caro,5
Political Sim,Gratuito,18
Political Sim,Medio,16
Political Sim,Muito Barato,37
Politics,Barato,38
Politics,Caro,7
Politics,Gratuito,19
Politics,Medio,20
Politics,Muito Barato,45
Pool,Barato,4
Pool,Gratuito,3
Pool,Medio,2
Pool,Muito Barato,4
Post-apocalyptic,Barato,199
Post-apocalyptic,Caro,17
Post-apocalyptic,Gratuito,108
Post-apocalyptic,Medio,98
Post-apocalyptic,Muito Barato,176
Precision Platformer,Barato,43
Precision Platformer,Gratuito,49
Precision Platformer,Medio,6
Precision Platformer,Muito Barato,58
Procedural Generation,Barato,304
Procedural Generation,Caro,3
Procedural Generation,Gratuito,62
Procedural Generation,Medio,75
Procedural Generation,Muito Barato,216
Programming,Barato,39
Programming,Gratuito,8
Programming,Medio,4
Programming,Muito Barato,21
Psychedelic,Barato,57
Psychedelic,Caro,2
Psychedelic,Gratuito,56
Psychedelic,Medio,12
Psychedelic,Muito Barato,104
Psychological,Barato,70
Psychological,Caro,7
Psychological,Gratuito,60
Psychological,Medio,29
Psychological,Muito Barato,119
Psychological Horror,Barato,281
Psychological Horror,Caro,21
Psychological Horror,Gratuito,352
Psychological Horror,Medio,140
Psychological Horror,Muito Barato,635
Puzzle,Barato,629
Puzzle,Caro,8
Puzzle,Gratuito,512
Puzzle,Medio,156
Puzzle,Muito Barato,1273
Puzzle,Muito Caro,1
Puzzle Platformer,Barato,41
Puzzle Platformer,Gratuito,63
Puzzle Platformer,Medio,11
Puzzle Platformer,Muito Barato,54
Puzzle-Platformer,Barato,100
Puzzle-Platformer,Gratuito,70
Puzzle-Platformer,Medio,18
Puzzle-Platformer,Muito Barato,125
PvE,Barato,120
PvE,Caro,16
PvE,Gratuito,218
PvE,Medio,80
PvE,Muito Barato,124
PvE,Muito Caro,2
PvP,Barato,241
PvP,Caro,56
PvP,Gratuito,607
PvP,Medio,149
PvP,Muito Barato,208
PvP,Muito Caro,4
Quick-Time Events,Barato,15
Quick-Time Events,Caro,6
Quick-Time Events,Gratuito,11
Quick-Time Events,Medio,10
Quick-Time Events,Muito Barato,13
RPG,Barato,1375
RPG,Caro,158
RPG,Gratuito,1008
RPG,Medio,568
RPG,Muito Barato,1506
RPG,Muito Caro,8
RPGMaker,Barato,94
RPGMaker,Gratuito,90
RPGMaker,Medio,2
RPGMaker,Muito Barato,148
RTS,Barato,212
RTS,Caro,17
RTS,Gratuito,115
RTS,Medio,124
RTS,Muito Barato,272
RTS,Muito Caro,1
Racing,Barato,195
Racing,Caro,23
Racing,Gratuito,158
Racing,Medio,89
Racing,Muito Barato,253
Racing,Muito Caro,2
Real Time Tactics,Barato,91
Real Time Tactics,Caro,13
Real Time Tactics,Gratuito,81
Real Time Tactics,Medio,64
Real Time Tactics,Muito Barato,88
Real Time Tactics,Muito Caro,1
Real-Time,Barato,62
Real-Time,Caro,1
Real-Time,Gratuito,21
Real-Time,Medio,40
Real-Time,Muito Barato,58
Real-Time with Pause,Barato,66
Real-Time with Pause,Caro,6
Real-Time with Pause,Gratuito,7
Real-Time with Pause,Medio,45
Real-Time with Pause,Muito Barato,61
Realistic,Barato,394
Realistic,Caro,50
Realistic,Gratuito,249
Realistic,Medio,240
Realistic,Muito Barato,305
Realistic,Muito Caro,10
Reboot,Barato,5
Reboot,Gratuito,1
Reboot,Medio,4
Reboot,Muito Barato,2
Relaxing,Barato,313
Relaxing,Caro,6
Relaxing,Gratuito,214
Relaxing,Medio,110
Relaxing,Muito Barato,431
Relaxing,Muito Caro,1
Remake,Barato,100
Remake,Caro,9
Remake,Gratuito,15
Remake,Medio,44
Remake,Muito Barato,57
Replay Value,Barato,297
Replay Value,Caro,5
Replay Value,Gratuito,86
Replay Value,Medio,122
Replay Value,Muito Barato,263
Replay Value,Muito Caro,2
Resource Management,Barato,243
Resource Management,Caro,10
Resource Management,Gratuito,113
Resource Management,Medio,131
Resource Management,Muito Barato,166
Retro,Barato,471
Retro,Caro,2
Retro,Gratuito,224
Retro,Medio,77
Retro,Muito Barato,712
Rhythm,Barato,54
Rhythm,Caro,4
Rhythm,Gratuito,26
Rhythm,Medio,23
Rhythm,Muito Barato,84
Robots,Barato,107
Robots,Caro,11
Robots,Gratuito,72
Robots,Medio,47
Robots,Muito Barato,89
Rock Music,Barato,2
Rock Music,Medio,4
Rogue-like,Barato,308
Rogue-like,Caro,1
Rogue-like,Gratuito,42
Rogue-like,Medio,61
Rogue-like,Muito Barato,219
Rogue-like Deckbuilder,Barato,2
Rogue-lite,Barato,264
Rogue-lite,Caro,4
Rogue-lite,Gratuito,29
Rogue-lite,Medio,64
Rogue-lite,Muito Barato,179
Roguelike,Barato,109
Roguelike,Caro,1
Roguelike,Gratuito,54
Roguelike,Medio,20
Roguelike,Muito Barato,142
Roguelike Deckbuilder,Barato,47
Roguelike Deckbuilder,Gratuito,10
Roguelike Deckbuilder,Medio,9
Roguelike Deckbuilder,Muito Barato,27
Roguelite,Barato,113
Roguelite,Gratuito,61
Roguelite,Medio,15
Roguelite,Muito Barato,109
Roguevania,Barato,15
Roguevania,Gratuito,2
Roguevania,Medio,3
Roguevania,Muito Barato,5
Romance,Barato,161
Romance,Caro,24
Romance,Gratuito,90
Romance,Medio,103
Romance,Muito Barato,200
Rome,Barato,22
Rome,Caro,3
Rome,Gratuito,7
Rome,Medio,10
Rome,Muito Barato,23
Rugby,Barato,2
Rugby,Caro,1
Rugby,Medio,1
Rugby,Muito Barato,1
Runner,Barato,23
Runner,Gratuito,37
Runner,Medio,4
Runner,Muito Barato,71
Sailing,Barato,30
Sailing,Caro,1
Sailing,Gratuito,17
Sailing,Medio,13
Sailing,Muito Barato,14
Sandbox,Barato,652
Sandbox,Caro,27
Sandbox,Gratuito,259
Sandbox,Medio,308
Sandbox,Muito Barato,402
Sandbox,Muito Caro,3
Satire,Barato,30
Satire,Caro,1
Satire,Gratuito,24
Satire,Medio,5
Satire,Muito Barato,41
Sci-fi,Barato,662
Sci-fi,Caro,53
Sci-fi,Gratuito,343
Sci-fi,Medio,333
Sci-fi,Muito Barato,587
Sci-fi,Muito Caro,2
Science,Barato,51
Science,Caro,1
Science,Gratuito,22
Science,Medio,30
Science,Muito Barato,33
Score Attack,Barato,41
Score Attack,Caro,3
Score Attack,Gratuito,47
Score Attack,Medio,10
Score Attack,Muito Barato,118
Sequel,Barato,22
Sequel,Caro,5
Sequel,Gratuito,2
Sequel,Medio,13
Sequel,Muito Barato,28
Sequel,Muito Caro,1
Sexual Content,Barato,326
Sexual Content,Caro,80
Sexual Content,Gratuito,270
Sexual Content,Medio,195
Sexual Content,Muito Barato,499
Sexual Content,Muito Caro,3
Shoot 'Em Up,Barato,113
Shoot 'Em Up,Caro,3
Shoot 'Em Up,Gratuito,119
Shoot 'Em Up,Medio,18
Shoot 'Em Up,Muito Barato,257
Shooter,Barato,532
Shooter,Caro,55
Shooter,Gratuito,573
Shooter,Medio,231
Shooter,Muito Barato,772
Shooter,Muito Caro,4
Shop Keeper,Barato,3
Shop Keeper,Muito Barato,1
Short,Gratuito,17
Side Scroller,Barato,293
Side Scroller,Caro,1
Side Scroller,Gratuito,127
Side Scroller,Medio,44
Side Scroller,Muito Barato,299
Silent Protagonist,Barato,7
Silent Protagonist,Caro,1
Silent Protagonist,Gratuito,9
Silent Protagonist,Medio,2
Silent Protagonist,Muito Barato,19
Simulation,Barato,1355
Simulation,Caro,109
Simulation,Gratuito,854
Simulation,Medio,625
Simulation,Muito Barato,1685
Simulation,Muito Caro,21
Singleplayer,Barato,2976
Singleplayer,Caro,287
Singleplayer,Gratuito,1698
Singleplayer,Medio,1329
Singleplayer,Muito Barato,3324
Singleplayer,Muito Caro,18
Skateboarding,Barato,6
Skateboarding,Gratuito,3
Skateboarding,Medio,4
Skateboarding,Muito Barato,2
Skating,Barato,7
Skating,Gratuito,2
Skating,Medio,5
Skating,Muito Barato,3
Skiing,Barato,3
Skiing,Gratuito,1
Skiing,Medio,3
Skiing,Muito Barato,3
Sniper,Barato,10
Sniper,Caro,4
Sniper,Gratuito,20
Sniper,Medio,6
Sniper,Muito Barato,27
Snooker,Barato,1
Snooker,Gratuito,2
Snooker,Medio,1
Snooker,Muito Barato,4
Snow,Barato,10
Snow,Gratuito,7
Snow,Medio,8
Snow,Muito Barato,9
Snowboarding,Barato,3
Snowboarding,Gratuito,1
Snowboarding,Medio,4
Snowboarding,Muito Barato,1
Soccer,Barato,1
Soccer,Caro,3
Soccer,Gratuito,31
Soccer,Medio,2
Soccer,Muito Barato,9
Social Deduction,Barato,5
Social Deduction,Gratuito,13
Social Deduction,Medio,4
Social Deduction,Muito Barato,20
Software,Barato,2
Software,Caro,1
Software,Gratuito,5
Software,Medio,3
Software,Muito Barato,5
Software Training,Barato,1
Software Training,Gratuito,2
Software Training,Muito Barato,1
Sokoban,Barato,6
Sokoban,Gratuito,8
Sokoban,Medio,1
Sokoban,Muito Barato,29
Solitaire,Barato,12
Solitaire,Gratuito,14
Solitaire,Medio,1
Solitaire,Muito Barato,27
Souls-like,Barato,97
Souls-like,Caro,13
Souls-like,Gratuito,42
Souls-like,Medio,78
Souls-like,Muito Barato,59
Souls-like,Muito Caro,1
Soundtrack,Barato,74
Soundtrack,Caro,6
Soundtrack,Gratuito,35
Soundtrack,Medio,36
Soundtrack,Muito Barato,103
Space,Barato,289
Space,Caro,21
Space,Gratuito,145
Space,Medio,145
Space,Muito Barato,269
Space Sim,Barato,80
Space Sim,Caro,5
Space Sim,Gratuito,30
Space Sim,Medio,42
Space Sim,Muito Barato,41
Spaceships,Barato,8
Spaceships,Gratuito,5
Spaceships,Medio,10
Spaceships,Muito Barato,4
Spectacle fighter,Barato,37
Spectacle fighter,Caro,3
Spectacle fighter,Gratuito,17
Spectacle fighter,Medio,27
Spectacle fighter,Muito Barato,29
Spectacle fighter,Muito Caro,2
Spelling,Gratuito,8
Spelling,Medio,1
Spelling,Muito Barato,9
Split Screen,Barato,80
Split Screen,Caro,10
Split Screen,Gratuito,21
Split Screen,Medio,27
Split Screen,Muito Barato,45
Split Screen,Muito Caro,2
Sports,Barato,221
Sports,Caro,39
Sports,Gratuito,211
Sports,Medio,112
Sports,Muito Barato,259
Sports,Muito Caro,5
Stealth,Barato,185
Stealth,Caro,22
Stealth,Gratuito,88
Stealth,Medio,97
Stealth,Muito Barato,188
Stealth,Muito Caro,1
Steam Machine,Barato,1
Steam Machine,Gratuito,3
Steam Machine,Muito Barato,2
Steampunk,Barato,75
Steampunk,Caro,1
Steampunk,Gratuito,27
Steampunk,Medio,28
Steampunk,Muito Barato,50
Story Rich,Barato,1169
Story Rich,Caro,158
Story Rich,Gratuito,519
Story Rich,Medio,568
Story Rich,Muito Barato,1026
Story Rich,Muito Caro,7
Strategy,Barato,1272
Strategy,Caro,82
Strategy,Gratuito,1054
Strategy,Medio,566
Strategy,Muito Barato,1689
Strategy,Muito Caro,6
Strategy RPG,Barato,135
Strategy RPG,Caro,19
Strategy RPG,Gratuito,79
Strategy RPG,Medio,64
Strategy RPG,Muito Barato,87
Strategy RPG,Muito Caro,1
Stylized,Barato,251
Stylized,Caro,6
Stylized,Gratuito,175
Stylized,Medio,87
Stylized,Muito Barato,273
Submarine,Barato,9
Submarine,Gratuito,7
Submarine,Medio,8
Submarine,Muito Barato,11
Superhero,Barato,29
Superhero,Caro,10
Superhero,Gratuito,20
Superhero,Medio,14
Superhero,Muito Barato,16
Supernatural,Barato,76
Supernatural,Caro,3
Supernatural,Gratuito,35
Supernatural,Medio,26
Supernatural,Muito Barato,80
Surreal,Barato,140
Surreal,Caro,4
Surreal,Gratuito,104
Surreal,Medio,35
Surreal,Muito Barato,191
Survival,Barato,520
Survival,Caro,27
Survival,Gratuito,382
Survival,Medio,242
Survival,Muito Barato,520
Survival,Muito Caro,1
Survival Horror,Barato,211
Survival Horror,Caro,17
Survival Horror,Gratuito,137
Survival Horror,Medio,90
Survival Horror,Muito Barato,296
Swordplay,Barato,59
Swordplay,Caro,6
Swordplay,Gratuito,30
Swordplay,Medio,37
Swordplay,Muito Barato,37
Tabletop,Barato,73
Tabletop,Caro,1
Tabletop,Gratuito,53
Tabletop,Medio,30
Tabletop,Muito Barato,105
Tactical,Barato,318
Tactical,Caro,38
Tactical,Gratuito,222
Tactical,Medio,227
Tactical,Muito Barato,285
Tactical,Muito Caro,2
Tactical RPG,Barato,126
Tactical RPG,Caro,19
Tactical RPG,Gratuito,43
Tactical RPG,Medio,69
Tactical RPG,Muito Barato,66
Tanks,Barato,30
Tanks,Caro,3
Tanks,Gratuito,36
Tanks,Medio,29
Tanks,Muito Barato,30
Tanks,Muito Caro,1
Team-Based,Barato,86
Team-Based,Caro,12
Team-Based,Gratuito,166
Team-Based,Medio,46
Team-Based,Muito Barato,100
Team-Based,Muito Caro,1
Tennis,Barato,5
Tennis,Caro,1
Tennis,Gratuito,2
Tennis,Medio,7
Tennis,Muito Barato,2
Text-Based,Barato,76
Text-Based,Caro,4
Text-Based,Gratuito,67
Text-Based,Medio,21
Text-Based,Muito Barato,131
Third Person,Barato,447
Third Person,Caro,106
Third Person,Gratuito,353
Third Person,Medio,316
Third Person,Muito Barato,385
Third Person,Muito Caro,9
Third-Person Shooter,Barato,114
Third-Person Shooter,Caro,30
Third-Person Shooter,Gratuito,140
Third-Person Shooter,Medio,67
Third-Person Shooter,Muito Barato,164
Third-Person Shooter,Muito Caro,3
Thriller,Barato,90
Thriller,Caro,4
Thriller,Gratuito,53
Thriller,Medio,31
Thriller,Muito Barato,113
Tile-Matching,Gratuito,1
Time Attack,Barato,22
Time Attack,Gratuito,4
Time Attack,Medio,3
Time Attack,Muito Barato,21
Time Management,Barato,66
Time Management,Caro,2
Time Management,Gratuito,44
Time Management,Medio,27
Time Management,Muito Barato,82
Time Manipulation,Barato,27
Time Manipulation,Caro,2
Time Manipulation,Gratuito,23
Time Manipulation,Medio,9
Time Manipulation,Muito Barato,31
Time Travel,Barato,40
Time Travel,Caro,1
Time Travel,Gratuito,18
Time Travel,Medio,21
Time Travel,Muito Barato,30
Top-Down,Barato,303
Top-Down,Caro,10
Top-Down,Gratuito,182
Top-Down,Medio,76
Top-Down,Muito Barato,320
Top-Down,Muito Caro,1
Top-Down Shooter,Barato,88
Top-Down Shooter,Gratuito,72
Top-Down Shooter,Medio,15
Top-Down Shooter,Muito Barato,133
Touch-Friendly,Barato,24
Touch-Friendly,Gratuito,18
Touch-Friendly,Medio,2
Touch-Friendly,Muito Barato,76
Tower Defense,Barato,86
Tower Defense,Caro,1
Tower Defense,Gratuito,86
Tower Defense,Medio,23
Tower Defense,Muito Barato,159
TrackIR,Barato,13
TrackIR,Caro,2
TrackIR,Gratuito,5
TrackIR,Medio,6
TrackIR,Muito Barato,5
TrackIR,Muito Caro,1
Trading,Barato,52
Trading,Caro,5
Trading,Gratuito,38
Trading,Medio,23
Trading,Muito Barato,41
Trading Card Game,Barato,18
Trading Card Game,Caro,1
Trading Card Game,Gratuito,81
Trading Card Game,Medio,7
Trading Card Game,Muito Barato,25
Traditional Rogue-like,Barato,1
Traditional Roguelike,Barato,27
Traditional Roguelike,Gratuito,4
Traditional Roguelike,Medio,3
Traditional Roguelike,Muito Barato,27
Trains,Barato,34
Trains,Caro,1
Trains,Gratuito,7
Trains,Medio,28
Trains,Muito Barato,31
Trains,Muito Caro,1
Transhumanism,Barato,17
Transhumanism,Gratuito,6
Transhumanism,Medio,5
Transhumanism,Muito Barato,7
Transportation,Barato,27
Transportation,Caro,1
Transportation,Gratuito,8
Transportation,Medio,26
Transportation,Muito Barato,15
Trivia,Barato,2
Trivia,Gratuito,4
Trivia,Medio,10
Trivia,Muito Barato,9
Turn-Based,Barato,358
Turn-Based,Caro,43
Turn-Based,Gratuito,127
Turn-Based,Medio,200
Turn-Based,Muito Barato,289
Turn-Based,Muito Caro,3
Turn-Based Combat,Barato,269
Turn-Based Combat,Caro,42
Turn-Based Combat,Gratuito,94
Turn-Based Combat,Medio,151
Turn-Based Combat,Muito Barato,153
Turn-Based Combat,Muito Caro,2
Turn-Based Strategy,Barato,290
Turn-Based Strategy,Caro,37
Turn-Based Strategy,Gratuito,140
Turn-Based Strategy,Medio,190
Turn-Based Strategy,Muito Barato,249
Turn-Based Strategy,Muito Caro,3
Turn-Based Tactics,Barato,211
Turn-Based Tactics,Caro,25
Turn-Based Tactics,Gratuito,108
Turn-Based Tactics,Medio,124
Turn-Based Tactics,Muito Barato,159
Tutorial,Gratuito,2
Twin Stick Shooter,Barato,78
Twin Stick Shooter,Caro,1
Twin Stick Shooter,Gratuito,51
Twin Stick Shooter,Medio,8
Twin Stick Shooter,Muito Barato,96
Typing,Barato,15
Typing,Gratuito,10
Typing,Medio,1
Typing,Muito Barato,15
Underground,Barato,20
Underground,Gratuito,16
Underground,Medio,3
Underground,Muito Barato,14
Underwater,Barato,32
Underwater,Gratuito,13
Underwater,Medio,15
Underwater,Muito Barato,37
Unforgiving,Barato,10
Unforgiving,Gratuito,3
Unforgiving,Medio,4
Unforgiving,Muito Barato,10
VR,Barato,267
VR,Caro,18
VR,Gratuito,198
VR,Medio,168
VR,Muito Barato,138
VR,Muito Caro,8
VR Only,Barato,54
VR Only,Caro,2
VR Only,Gratuito,28
VR Only,Medio,52
VR Only,Muito Barato,17
Vampire,Barato,32
Vampire,Caro,3
Vampire,Gratuito,18
Vampire,Medio,10
Vampire,Muito Barato,41
Vehicular Combat,Barato,41
Vehicular Combat,Caro,2
Vehicular Combat,Gratuito,28
Vehicular Combat,Medio,23
Vehicular Combat,Muito Barato,28
Vikings,Barato,13
Vikings,Caro,1
Vikings,Gratuito,2
Vikings,Medio,10
Vikings,Muito Barato,14
Villain Protagonist,Barato,49
Villain Protagonist,Gratuito,7
Villain Protagonist,Medio,14
Villain Protagonist,Muito Barato,43
Violent,Barato,430
Violent,Caro,75
Violent,Gratuito,325
Violent,Medio,267
Violent,Muito Barato,589
Violent,Muito Caro,6
Visual Novel,Barato,349
Visual Novel,Caro,35
Visual Novel,Gratuito,247
Visual Novel,Medio,162
Visual Novel,Muito Barato,510
Voice Control,Barato,8
Voice Control,Caro,1
Voice Control,Medio,1
Voice Control,Muito Barato,1
Volleyball,Barato,2
Volleyball,Muito Barato,1
Voxel,Barato,46
Voxel,Caro,1
Voxel,Gratuito,23
Voxel,Medio,18
Voxel,Muito Barato,45
Walking Simulator,Barato,140
Walking Simulator,Caro,4
Walking Simulator,Gratuito,98
Walking Simulator,Medio,47
Walking Simulator,Muito Barato,183
War,Barato,208
War,Caro,37
War,Gratuito,156
War,Medio,147
War,Muito Barato,203
War,Muito Caro,5
Wargame,Barato,67
Wargame,Caro,9
Wargame,Gratuito,71
Wargame,Medio,78
Wargame,Muito Barato,69
Wargame,Muito Caro,4
Warhammer 40K,Barato,23
Warhammer 40K,Caro,5
Warhammer 40K,Gratuito,9
Warhammer 40K,Medio,13
Warhammer 40K,Muito Barato,5
Well-Written,Barato,2
Well-Written,Caro,2
Well-Written,Gratuito,4
Well-Written,Medio,2
Well-Written,Muito Barato,2
Werewolves,Barato,12
Werewolves,Gratuito,12
Werewolves,Medio,1
Werewolves,Muito Barato,13
Western,Barato,27
Western,Caro,2
Western,Gratuito,20
Western,Medio,11
Western,Muito Barato,44
Wholesome,Barato,28
Wholesome,Gratuito,5
Wholesome,Medio,7
Wholesome,Muito Barato,22
Word Game,Barato,18
Word Game,Caro,1
Word Game,Gratuito,20
Word Game,Medio,10
Word Game,Muito Barato,74
World War I,Barato,21
World War I,Gratuito,14
World War I,Medio,15
World War I,Muito Barato,18
World War I,Muito Caro,1
World War II,Barato,84
World War II,Caro,14
World War II,Gratuito,79
World War II,Medio,57
World War II,Muito Barato,137
World War II,Muito Caro,4
Wrestling,Barato,6
Wrestling,Caro,2
Wrestling,Gratuito,4
Wrestling,Medio,4
Wrestling,Muito Barato,6
Zombies,Barato,177
Zombies,Caro,19
Zombies,Gratuito,160
Zombies,Medio,73
Zombies,Muito Barato,249
e-sports,Gratuito,12
eSports,Barato,41
eSports,Caro,10
eSports,Gratuito,80
eSports,Medio,24
eSports,Muito Barato,33
eSports,Muito Caro,3
